,MonthlyCharges,Contract,ServiceUsage,CustomerSupportCalls,Churn
0,79.39321535345923,One year,9.246997417085254,10,Yes
1,94.36704297351775,One year,10.13462766918191,9,No
2,84.24870384644794,Two year,3.1111582254211303,8,No
3,79.03948646972071,Month-to-month,0.9913523255781937,0,No
4,68.12893194050142,Two year,0.11394010379738173,0,No
5,88.13047017599905,One year,8.563321949081644,0,No
6,69.38284901364233,Month-to-month,5.820768390071191,2,Yes
7,110.25957007038718,Month-to-month,13.329251611764796,6,No
8,116.72964844509264,Month-to-month,22.17443235530837,8,No
9,64.50973669432,Two year,0.9371342391073174,3,No
10,101.25525342743981,Two year,10.446387824343407,7,No
11,77.6005427777614,Two year,16.02349736882303,3,No
12,81.12401049845391,One year,2.02097992294759,3,No
13,113.3036974463395,Two year,14.687274298035486,5,No
14,36.39324523780982,Two year,8.858374565216605,5,Yes
15,37.84163697313866,Two year,18.366488581219766,4,No
16,31.819655769629314,Month-to-month,5.942762036842647,8,No
17,104.93578609931441,Month-to-month,2.963885408492998,10,No
18,100.03410758548654,One year,2.569022194188869,9,No
19,108.30109334221372,Month-to-month,11.874353121842258,2,No
20,118.07565080094876,One year,13.48956761968289,8,No
21,101.92427077950512,Month-to-month,5.25079943595019,5,No
22,71.53314260276386,One year,13.219182881657458,7,Yes
23,100.24762586578099,One year,17.228464013268727,5,Yes
24,40.64469832820399,Month-to-month,5.995270963346152,4,Yes
25,87.59289191947715,Month-to-month,0.24395862497682685,4,Yes
26,42.901795866814176,Two year,19.945597961417434,7,No
27,115.02020253446256,Two year,20.24827609621077,8,No
28,76.96634895750645,One year,9.064334805227652,8,No
29,67.31957459914713,One year,22.517850448864273,5,Yes
30,53.81000508941643,One year,19.843118422182954,6,Yes
31,99.6810320490795,Month-to-month,7.616969946724909,6,Yes
32,71.05352989948938,Month-to-month,14.356620491214352,3,Yes
33,81.15905539817837,Two year,9.69891730160909,6,No
34,31.69108203927196,Month-to-month,2.804811564953451,0,No
35,85.58719473682893,One year,9.899555719639826,5,No
36,85.08861504501792,Two year,20.24780027662477,6,No
37,85.52405971872813,Month-to-month,12.554612496725689,9,Yes
38,114.93732706631617,One year,14.601639248094212,5,No
39,91.36382691931351,Month-to-month,8.63697656348819,4,No
40,62.35571105164074,Month-to-month,4.219272459992648,3,No
41,69.33287584194073,Month-to-month,13.680936979118687,0,No
42,92.78680763345383,One year,13.242666563194032,5,Yes
43,35.420292446634285,One year,22.94711140703183,1,Yes
44,90.00900439011009,Month-to-month,0.22460581235258914,5,No
45,90.35740826563435,One year,21.555715655565393,1,No
46,48.93443049664568,Month-to-month,22.22032969349555,1,No
47,41.603366788936796,Two year,5.77497217060475,8,No
48,58.38855158317655,One year,1.0962499688917422,7,No
49,62.73396938483604,Month-to-month,20.37263479498983,9,No
50,81.31770933760916,Month-to-month,4.055425305905888,3,Yes
51,69.47413621160882,Month-to-month,9.525220213239958,5,No
52,118.95364542533035,Two year,10.876757459627491,2,No
53,39.18403296732252,One year,7.7999743267085755,6,Yes
54,48.798908048535125,Month-to-month,10.236660788357227,3,Yes
55,44.51785660964966,Month-to-month,7.46992315544887,8,No
56,88.77974929188585,Month-to-month,12.605359463735555,4,Yes
57,52.79624422858039,One year,0.9604097889193612,8,No
58,71.96796955706756,Two year,14.183258024171977,0,No
59,51.99830328014424,Two year,3.669288232406707,8,Yes
60,44.30726252809677,Month-to-month,23.43366240284939,10,No
61,39.93376270478746,Month-to-month,15.494608253464648,4,No
62,89.06966305187461,One year,0.19006852590546774,0,Yes
63,42.43646562137524,Month-to-month,0.937661068783969,5,No
64,47.69241255120481,Two year,6.473548631208719,5,Yes
65,63.18526535948677,One year,18.33447339644268,2,No
66,103.88939068631416,One year,2.2143443418683457,4,No
67,38.739114821375516,Month-to-month,15.889617921541928,8,Yes
68,105.41504167489235,Two year,13.237814281891126,8,No
69,38.64885671045668,One year,10.476777303900242,4,No
70,117.88135185120562,One year,4.256091645273504,1,No
71,72.17860814829314,Month-to-month,0.7852657528412053,8,No
72,117.90849793713035,Two year,12.296875960244003,8,No
73,84.43609677705413,Two year,12.35062343235164,8,No
74,96.53372214584715,One year,0.35760018010593875,3,No
75,33.52690130288886,Two year,15.42181551087317,3,No
76,55.45262663187686,Month-to-month,8.672909954367439,2,No
77,40.8176905091852,Month-to-month,11.55137657377702,10,No
78,56.65261777699304,One year,11.018075503262171,9,No
79,40.685494705881965,One year,16.74216964038641,5,Yes
80,58.618486145457844,Two year,12.149884928467642,7,No
81,67.2836695063203,Month-to-month,8.881248930775799,5,No
82,35.773274671390595,Two year,4.715924292602351,8,No
83,92.32249074330178,Two year,0.7171473501849013,7,No
84,80.99413087859176,One year,5.428345099248515,9,No
85,53.885054184550086,Month-to-month,14.923438663582798,0,Yes
86,77.09232481200297,Month-to-month,6.1953768790900705,2,Yes
87,38.454645968259754,Two year,16.288671405640077,7,No
88,81.83518460005614,Month-to-month,22.502174836397646,3,No
89,113.63665778185927,Month-to-month,6.1576193827631505,10,No
90,58.67120572061913,Two year,18.571986548045107,5,Yes
91,90.06693419673135,One year,15.74780247129348,1,No
92,41.861807616395296,One year,9.590048337468685,5,No
93,94.4694483706709,One year,16.951861338517112,1,No
94,56.0465483652481,Two year,6.712164076245,1,Yes
95,46.48722258064052,Month-to-month,7.185094923586614,2,No
96,82.78616413290749,Two year,9.611807483168121,4,Yes
97,31.80967915687442,Two year,10.168830928936227,3,No
98,104.60460262956268,One year,13.2548976077064,1,Yes
99,30.422592857329235,Month-to-month,9.201153667772498,9,No
100,91.0034883116607,One year,20.531610269237063,1,Yes
101,54.30071758729484,Month-to-month,15.190531708703308,2,No
102,96.16746199103353,Month-to-month,21.93381768095336,8,No
103,116.59696906056944,One year,8.790598524677762,1,No
104,52.387782916796226,One year,23.632041651010983,7,No
105,81.85416009760533,Two year,17.0714269756741,8,Yes
106,83.28377381446552,Month-to-month,18.43783796464185,2,No
107,81.5026715211786,Month-to-month,13.87393412934769,9,No
108,50.07734693765565,Month-to-month,21.10062142414532,6,No
109,115.74741103652865,Month-to-month,2.350131716294306,5,No
110,70.24128407558646,Month-to-month,18.715747447016838,1,No
111,106.1767805224015,Two year,15.650202273412521,9,No
112,92.95313477857539,Month-to-month,20.18379665476499,6,Yes
113,56.76932557696203,Two year,21.10097601610095,9,No
114,103.24180377322295,One year,11.157081597046083,2,No
115,65.68551667622862,Two year,23.097791773971732,5,No
116,109.29928774000454,Two year,19.53539814032119,6,No
117,82.31455853722728,Two year,20.85809461375253,1,No
118,109.35618256693675,One year,0.30905428586253514,5,No
119,92.32784310699893,Month-to-month,22.740344752916734,8,Yes
120,95.27288518376764,Two year,6.111566760590683,4,No
121,75.1191943734032,One year,15.125683717778351,6,Yes
122,116.04752712509016,Two year,10.95837914375145,5,No
123,87.95911793066736,Two year,14.682996730720333,6,No
124,68.14695437023617,One year,13.94444597048847,0,No
125,84.57538927151319,Two year,18.510934947583944,2,No
126,31.727387847840017,Two year,13.237164169998655,5,Yes
127,57.141733500709435,Month-to-month,13.438494627779054,6,Yes
128,89.41561837434165,One year,14.202578644618088,2,No
129,56.10698464893997,Two year,5.24192116396715,9,Yes
130,85.62138860989575,One year,16.403746552121433,1,No
131,68.58918308511895,One year,23.593434087568816,4,Yes
132,42.19266578002052,Month-to-month,22.22683703111918,8,No
133,56.84540933604277,Month-to-month,5.6391332670949685,8,No
134,81.29684196311385,Month-to-month,23.46338328557011,3,Yes
135,83.1785485123356,Two year,19.923556317283243,7,No
136,81.68927239646209,Two year,23.199640182453017,10,No
137,88.78807378714203,Two year,23.392872514721653,2,No
138,88.689294300152,Two year,11.177557398008446,9,No
139,68.82765918905766,Two year,15.040210781530394,1,Yes
140,110.68919362659567,Two year,6.390952852624842,10,No
141,63.08056830431069,One year,5.007348479140633,1,Yes
142,69.22784327390642,One year,10.761763599880997,1,Yes
143,110.2731019514105,Month-to-month,6.014914295207012,6,No
144,102.55745901414771,Two year,20.46262456368288,3,Yes
145,93.34997251863297,One year,1.403133088418266,6,Yes
146,39.020419858107104,Month-to-month,6.939680971177046,5,No
147,112.75343523702062,Month-to-month,4.263641695200673,4,No
148,94.28171695942002,Month-to-month,2.365869838228983,2,Yes
149,119.89623059110798,Month-to-month,12.23516615930211,7,No
150,43.45034741921944,One year,20.51518255121023,8,No
151,108.13134516313929,One year,10.457103701664533,8,No
152,44.624364120873736,One year,6.367268139428179,0,No
153,85.40036078554598,Month-to-month,21.171760415164766,7,No
154,41.14379845644974,Month-to-month,22.10704079466945,8,Yes
155,106.3207406390011,Two year,12.139167186403004,8,Yes
156,102.65870628525096,Two year,15.79500399820471,7,No
157,81.2190664753134,Month-to-month,1.4759674841488923,4,Yes
158,66.64649675033996,One year,8.193727238612071,10,No
159,36.22502959096242,Month-to-month,9.351114783411187,6,Yes
160,92.76858958301074,Two year,12.131352370571207,9,No
161,70.8188414410262,Two year,20.36756139463937,6,Yes
162,94.98500395233131,One year,19.429592938770448,8,Yes
163,107.97440933357663,Month-to-month,0.2346604231535947,3,No
164,117.79693545025972,Two year,3.728908484051824,7,No
165,107.02230081533499,One year,9.051863511649474,8,No
166,31.054267576650176,Two year,12.288418380716273,4,No
167,62.39802580305275,One year,14.567740132156574,2,No
168,95.69915061816522,Two year,3.4655476592807286,3,No
169,45.44667095352965,Two year,16.710980321755567,0,Yes
170,76.89329455837164,Month-to-month,21.37870093203876,4,Yes
171,34.890418950532826,One year,5.369226393953905,8,No
172,47.99968724067601,One year,12.957252016922181,0,No
173,31.66696150145526,Two year,23.754356761805774,10,No
174,101.43279330216785,Month-to-month,15.459088313006106,4,Yes
175,50.15322192543421,Two year,2.2380958523632852,2,No
176,61.08165126272124,Two year,18.560520422706887,6,No
177,113.52731641190317,Two year,12.188967993664244,2,Yes
178,93.39729617311795,One year,2.6883528733057513,2,Yes
179,32.865503657817705,Month-to-month,12.363670730557711,2,No
180,44.82247408481214,Two year,18.12575142107188,7,No
181,85.93305613497873,Two year,2.8114053155876,10,No
182,81.95057297437509,Two year,8.550143208636296,9,No
183,51.41035392370578,One year,1.9775123216968522,10,No
184,114.07925981323145,Two year,3.635929443169128,6,No
185,85.25693603693064,One year,1.259932520531355,9,No
186,78.20695227224624,One year,5.427434466033923,6,No
187,83.09189787191139,One year,10.90157548163142,0,Yes
188,95.71098265650927,One year,18.994102469992185,2,No
189,58.07504959316417,One year,16.471221778200686,1,No
190,65.83989559944827,Month-to-month,14.100922978538236,10,No
191,48.88593740776099,One year,23.678250361950084,4,No
192,46.75737052923026,One year,11.128672483400225,6,Yes
193,114.99351509855403,Two year,21.963475262080586,3,No
194,96.55957155443588,Month-to-month,8.079363121950884,8,No
195,74.14129277558104,Month-to-month,10.23554894736247,7,No
196,50.46731651759909,Two year,9.534433015187393,5,No
197,52.892083359335366,One year,14.32366832718393,9,No
198,35.22262442914881,Month-to-month,22.369361507925582,0,Yes
199,69.09749630023087,One year,18.4266622468832,2,Yes
200,58.06162937946923,Two year,20.014694423197454,1,No
201,92.67091399339135,Month-to-month,19.0105269539849,0,Yes
202,63.99766553632328,One year,22.84560908761636,5,No
203,46.16433098036713,Month-to-month,2.7410990745181874,9,No
204,32.22108555521981,Month-to-month,19.54553906985337,7,No
205,36.05246683169237,One year,16.134547791127023,10,No
206,91.14534961487107,One year,0.7857093466954996,3,Yes
207,70.83271601004408,Month-to-month,9.572340642690548,4,No
208,78.292128999785,Two year,7.6428115822592,4,No
209,110.70041637363079,Month-to-month,2.4766351579340817,7,No
210,119.13050526570339,Two year,7.436460223804537,1,No
211,49.52072859586265,Month-to-month,2.6973861349548054,7,No
212,89.67703827900907,One year,0.09264063074979845,7,No
213,53.69901390634356,Two year,21.30239129821352,8,No
214,31.858589951915583,Two year,3.764232357636362,9,No
215,98.25407884525274,Month-to-month,11.708124618245963,5,No
216,58.801543574022105,Month-to-month,1.3297846409415923,6,Yes
217,64.51175047547082,Two year,19.485671961657506,1,No
218,82.94854021982451,One year,18.145768587527513,0,No
219,104.79436097125713,Two year,19.67416829804401,0,No
220,86.6083659232034,Two year,17.156042544665482,0,No
221,108.53855899026557,One year,20.409724071055734,2,Yes
222,54.61878313340722,One year,7.135802599015679,3,No
223,101.82421505213074,Month-to-month,6.543250940684251,1,No
224,46.7072349875357,Month-to-month,1.0116240172538582,6,Yes
225,115.751249127475,Month-to-month,23.315520770188037,4,No
226,91.87394487490337,One year,7.344547377153805,0,Yes
227,49.39569094022026,Two year,5.458173325723745,8,Yes
228,115.26335314400318,One year,1.6380775966347985,8,No
229,95.7770226093142,Month-to-month,10.315762227998407,6,Yes
230,52.854747833552324,Two year,19.406595123112744,4,No
231,49.198077963073374,Month-to-month,7.67022219315079,5,No
232,76.6380642537597,Two year,18.728879979816618,5,No
233,32.30964462490784,One year,18.573322943182276,7,No
234,48.672306789699846,Month-to-month,22.4764114658703,7,Yes
235,68.22169218763557,One year,6.1635128822444845,9,No
236,63.6752982300803,One year,14.041101261128778,3,Yes
237,71.72178819283296,One year,22.306616964984208,10,No
238,54.98658356652587,Two year,5.636295187845716,5,Yes
239,82.8105911812352,One year,3.2359680765442764,5,No
240,107.74700453309083,One year,9.130792211081156,4,No
241,40.57786703658298,Two year,21.849829240277916,10,No
242,76.56411964387027,One year,17.988883707427412,9,Yes
243,41.8861295710638,One year,0.8994641320552805,0,Yes
244,94.51737130733343,One year,18.558289455369664,9,Yes
245,65.64537325265644,Two year,10.843952453817202,5,No
246,80.88791806726582,Two year,15.991689579328568,6,Yes
247,46.495185259267075,Month-to-month,17.051596077010828,10,No
248,43.036298340903954,One year,13.271624025679122,7,No
249,73.92506525840591,Two year,16.720278283703443,0,No
250,62.005146406496,One year,15.247533567396928,8,Yes
251,114.63887507275318,Two year,16.35205616668688,0,No
252,98.87927284262688,Two year,2.493634947834088,7,No
253,97.37972578654926,Two year,18.178500989470955,8,No
254,111.33477657713401,Month-to-month,11.782944050080538,8,Yes
255,37.50801918978167,One year,4.5307659788114,9,No
256,79.69732229301658,Two year,7.477157416637465,4,No
257,82.6028462060192,One year,14.892805777321222,0,Yes
258,116.5742740692506,Two year,23.13379019100615,3,No
259,56.2932774113294,One year,4.513944279023315,6,No
260,51.67459019239021,One year,21.487017562644972,8,Yes
261,39.02645480389481,Two year,15.522610714031,3,Yes
262,31.47866666323268,One year,11.939516394184814,4,Yes
263,113.65763851129715,Month-to-month,8.884685885240682,4,No
264,90.29248919318191,Month-to-month,3.694627155499558,4,Yes
265,100.6637620820824,One year,2.8955106470196927,1,No
266,55.355709517855416,One year,3.1424351345664405,3,No
267,82.7769149567694,Two year,5.475189329853851,8,Yes
268,35.755973950888304,Two year,20.463215684668853,8,Yes
269,73.70648363411607,One year,5.882785131236209,3,No
270,117.97456257700021,One year,8.555637296014776,2,No
271,108.88547207849317,One year,22.366869577342243,1,No
272,60.4343056653161,One year,11.527091949081207,4,No
273,116.54131390873486,Month-to-month,14.210117086509872,7,No
274,50.85314638240841,One year,19.889623247331535,6,No
275,115.43869401741134,Two year,3.4285452741659777,8,Yes
276,114.72399342358487,Month-to-month,12.809354918144816,0,Yes
277,101.92823286171526,One year,2.371339916860868,1,No
278,86.7403143180112,Two year,13.026783459971476,1,No
279,108.68591699624523,Month-to-month,14.265087823930578,3,No
280,56.3718256057017,One year,13.10614480826169,7,No
281,106.40491997816264,One year,8.742829793252305,8,No
282,85.60890227257714,One year,20.36252435103986,4,No
283,31.191317198300954,One year,7.431212633787024,6,No
284,61.251016613899765,Month-to-month,18.334261098984445,10,Yes
285,43.332677485334855,Two year,10.763570740300691,2,No
286,118.36464508364278,One year,19.33010801401484,6,Yes
287,73.05332763359893,Month-to-month,18.996899335755046,9,No
288,74.76522289487964,Month-to-month,19.701599651003477,0,No
289,87.55252647588512,Two year,16.580898518257886,0,Yes
290,63.172614551665575,Month-to-month,18.191083420772426,2,No
291,42.321024451703906,Month-to-month,18.713955952336313,9,No
292,103.9905959874821,Two year,18.032314263725823,9,No
293,47.086312071248216,Month-to-month,9.409918808272906,0,No
294,76.01870842918103,Month-to-month,4.73859143342746,5,No
295,50.18853260772653,Two year,23.2831409371673,0,No
296,38.806003604463065,Month-to-month,6.151443442206518,10,No
297,107.5972365679515,Two year,23.529001901511762,4,No
298,117.56275401208173,One year,2.4524210747688464,7,No
299,116.47511922567001,One year,19.847386868536397,7,Yes
300,111.58999492990611,One year,5.076431562019969,1,No
301,99.6642599428775,One year,19.942755589671744,8,No
302,59.98306368257777,Month-to-month,1.6604353126234264,6,No
303,37.29912509891971,One year,20.80087149904378,5,No
304,66.65170542724266,Two year,10.040722262608458,1,Yes
305,50.90107279538485,Two year,22.195796968142925,5,Yes
306,41.92388712821847,Two year,15.41470391313825,4,Yes
307,34.80844636081427,Two year,12.392715518314809,2,No
308,95.30349277895209,One year,13.613773336997944,6,No
309,31.02847127625279,Two year,12.874935311152365,10,No
310,99.35226736524986,One year,3.282478482698184,1,No
311,43.22519808603376,Two year,16.11763981733315,1,No
312,37.156987432808016,Two year,4.289210562882389,7,No
313,38.06427308147448,One year,20.11621189004277,9,No
314,90.4843026618523,One year,1.5097670700142727,5,No
315,52.08304888675603,Month-to-month,22.90562113367585,4,No
316,67.84855200120886,Month-to-month,3.5750076272245845,10,No
317,80.16319121915252,Month-to-month,3.7313573026849864,1,No
318,107.44960564459144,Two year,1.6821303326840464,5,No
319,95.43398364401955,Two year,3.5955720845055197,7,No
320,54.32951147148432,Two year,13.775848891410552,8,Yes
321,41.833451936201485,Month-to-month,8.565694119230027,2,No
322,34.98368883790781,Month-to-month,22.412159715263126,4,No
323,57.14387710328482,Month-to-month,8.791851863358122,9,Yes
324,53.59063343157104,Two year,22.227393079705777,7,Yes
325,71.05265101204317,One year,1.4056177680918216,2,No
326,91.49532019929124,Month-to-month,5.278559370747329,8,No
327,92.60629010749714,One year,20.22427228146996,2,Yes
328,55.516696192395,Two year,3.9281537817959338,1,No
329,64.19342603101084,Month-to-month,6.246060922806812,8,No
330,46.30358655632128,Two year,8.909217314747483,7,Yes
331,100.96909610758668,One year,14.020763266344535,1,No
332,35.11632687899163,Two year,9.415466689752968,3,No
333,92.72975175524886,Two year,6.43615437255094,10,No
334,100.0825856346993,Month-to-month,11.68666023467156,5,No
335,99.96668056638778,One year,12.764618087688138,8,No
336,53.34803079108194,Month-to-month,23.09784659061195,1,No
337,63.64318241393053,Two year,16.22291077248632,3,No
338,82.88396716767501,Two year,4.6121579065689495,9,Yes
339,54.55397121820204,One year,18.27192662430718,1,No
340,63.37675192960999,Two year,23.54740244779941,10,Yes
341,47.73488521670757,Month-to-month,3.617163452028147,2,Yes
342,71.38702953804066,One year,3.8940434465136216,7,No
343,34.01510711287027,Two year,2.7523436982922886,5,No
344,101.98162961135561,Month-to-month,6.978275272739436,10,No
345,36.92608022879695,Month-to-month,16.703381243384232,8,No
346,76.69516339483735,One year,7.986644315955999,5,No
347,57.61290895906765,Two year,2.290958773235528,3,No
348,81.9788653948238,Month-to-month,15.117644874090576,2,No
349,116.34900067500826,One year,18.60331703060861,5,Yes
350,88.10132200104034,Month-to-month,9.720995766797696,4,No
351,33.18261921799418,Two year,16.003606793324124,8,Yes
352,68.73621955572551,Month-to-month,14.136746943282109,1,No
353,75.90151670864252,Two year,15.447456326267147,0,No
354,78.25597452331067,Month-to-month,10.125171264251051,8,No
355,91.3253259543454,Two year,11.450387621842767,8,No
356,54.98364879585895,Month-to-month,19.558790582879862,4,No
357,41.59745089196882,Month-to-month,14.090928114115993,0,No
358,65.3408108892385,One year,2.2629144749981727,4,Yes
359,116.0765150516354,Two year,0.7164889090391187,2,No
360,46.841780257576026,Month-to-month,12.270038831581537,7,No
361,111.35855594354133,One year,13.07183576763314,4,Yes
362,78.94253550695937,Month-to-month,19.58803410706355,4,No
363,71.12202794811893,One year,17.53048373267056,5,Yes
364,109.38372692069007,Month-to-month,5.4091900417933765,6,No
365,71.27435655917273,One year,19.046329011409448,3,Yes
366,95.17508729503889,Two year,15.098774973174933,7,Yes
367,65.91227895327918,Month-to-month,5.598503581447967,0,Yes
368,111.3639953610862,Two year,12.380961436450288,9,No
369,92.10225181721046,Two year,5.7606638222631394,4,No
370,92.96598488254651,One year,17.32134890105267,4,Yes
371,59.494836140140706,Two year,7.244772979489311,10,No
372,98.11007784632002,One year,11.921866166613558,5,No
373,87.24549499024272,One year,21.55671076527605,10,No
374,51.601824604173856,One year,23.696673230735797,8,No
375,44.44849402367308,One year,22.989567697061364,5,No
376,101.67523270655985,One year,18.49119351880075,6,Yes
377,116.32499427317002,Month-to-month,3.2688783554614655,1,No
378,71.23249445340386,Month-to-month,11.230730390370379,4,No
379,83.18857487913164,Two year,23.238852402261283,5,No
380,107.19503797741991,Month-to-month,8.472230206780985,3,No
381,71.15011080184713,One year,3.8279171661524796,9,Yes
382,115.66870291494625,One year,4.591501337557238,6,No
383,81.81760458403852,Month-to-month,13.184359729524326,8,No
384,103.86904086311834,Two year,0.5208434773976034,7,No
385,111.79593465714645,Two year,18.486274569731606,4,Yes
386,103.3971436891712,Month-to-month,9.421656559471199,10,No
387,44.347301710406036,One year,5.360597159381483,7,No
388,86.60085951555303,One year,6.998320306209854,8,Yes
389,65.85908327577093,Two year,19.27545792699523,1,No
390,35.64416568210111,Month-to-month,0.8923474088926406,4,No
391,68.16290267008577,One year,18.51170048447233,5,No
392,53.2815660200467,Two year,18.29512590143374,5,Yes
393,106.41344775856597,Two year,1.9569892581949668,3,No
394,32.997416389202655,Month-to-month,19.94487333784064,8,No
395,116.30844496771262,Two year,4.129011926204626,3,No
396,61.98319636247366,One year,3.274376856491271,5,No
397,62.10362013622886,Two year,3.993628708113329,3,No
398,31.46956524153371,Two year,0.06619221434973888,4,Yes
399,46.670909271256555,Two year,12.802960542384945,6,Yes
400,66.1133550723248,Month-to-month,8.85542043836876,1,No
401,113.63622755724425,One year,3.4380775334120424,9,Yes
402,38.965343719914415,Two year,20.849485847466227,9,Yes
403,115.07713801311716,Month-to-month,12.148839993773159,7,No
404,108.2539677491969,Two year,8.368993653047823,6,No
405,70.87461572167966,One year,12.785293883919355,5,No
406,59.403079359143405,Two year,19.42108565000506,2,No
407,50.94697163511512,Month-to-month,4.102435343618508,9,No
408,85.3018235829187,Two year,20.776238627190608,3,No
409,32.976713232795504,Two year,14.050675099911032,5,No
410,31.40454580021454,Two year,14.772765468730459,10,Yes
411,68.5916150248414,Month-to-month,14.125012140976423,8,No
412,36.12666665772482,Two year,5.311658861162098,3,No
413,52.674688942148364,Two year,4.433724930577887,1,No
414,49.904482381147545,Month-to-month,11.45645558105186,9,No
415,52.78720743505667,Month-to-month,8.552225633738745,6,Yes
416,41.7949708093732,One year,5.7800723760970785,10,No
417,31.083260060788884,Month-to-month,13.950463102704752,7,Yes
418,40.39358674248733,Two year,20.548430169830155,8,No
419,85.66322335614731,Two year,13.365545660408063,1,No
420,117.68305915362453,Month-to-month,21.756557505798394,9,No
421,119.13105014048045,One year,17.20308019400085,7,No
422,66.81486858357555,Month-to-month,21.610494663206886,3,Yes
423,44.66589834419448,One year,4.841057457738326,7,Yes
424,87.48855816298763,Month-to-month,14.096078391323669,9,No
425,74.12748118938634,One year,8.512265982694073,4,No
426,119.04687995559883,One year,17.84892256378166,1,No
427,35.87737864366022,Two year,10.797112041763533,1,Yes
428,100.49109944824318,One year,9.892347767550593,8,No
429,55.955864759834455,Two year,3.431490782865251,10,No
430,51.72767580689166,Month-to-month,8.509307392334179,2,No
431,89.62541143794084,Month-to-month,16.0272826881774,0,No
432,52.1456866491868,Month-to-month,12.210541648362211,8,No
433,89.92732058032689,Month-to-month,12.45916596356114,5,No
434,76.55776654820599,Month-to-month,15.555980936548213,5,Yes
435,68.16800895922643,Two year,6.620101249673899,3,No
436,79.9219027795277,Month-to-month,5.297910273248038,0,Yes
437,55.83463679276667,One year,23.226205912911084,1,No
438,93.5917235645681,Two year,3.3079512531949176,7,No
439,67.33711824002077,One year,1.9439564334018113,4,Yes
440,62.4491004437303,Two year,16.887608297174022,10,No
441,104.5791223100164,One year,15.531007717745114,4,Yes
442,113.2470220757873,Two year,8.903358047474192,4,No
443,34.14065797985673,Month-to-month,1.842869895986654,4,Yes
444,50.93642935467889,Two year,6.708718641091541,5,No
445,61.36674325433069,Two year,1.4933896796145731,6,No
446,103.34698314332226,One year,23.73891133050601,8,No
447,118.69422848789678,Two year,16.689776478324845,4,No
448,117.20745342033166,Two year,10.365434404209058,4,Yes
449,111.44535109949342,Month-to-month,22.073519354939105,10,No
450,56.69006385576269,One year,13.570698041084919,7,No
451,119.28101190730267,Two year,17.07059933921983,7,No
452,52.44780369508061,One year,12.162473864807176,4,No
453,39.5315539394009,Two year,19.83547084127351,5,No
454,115.58573499498547,Two year,23.578715840090922,7,No
455,51.007822992128666,One year,9.891068657921137,4,No
456,92.07914385699755,Month-to-month,3.5351358754764526,9,No
457,35.25207230825298,Two year,9.644268429886548,5,No
458,95.76381892147286,Two year,19.145086021918743,9,No
459,109.35481911004557,Two year,0.004481134380219132,1,No
460,54.519320591936626,One year,22.91027477088424,4,No
461,64.11512064696856,Month-to-month,15.90034738889991,0,No
462,63.68665649888245,Two year,7.455548115822736,1,Yes
463,97.39094317861198,Two year,11.755712890129328,3,No
464,51.4026518285135,Two year,6.337745848413634,9,No
465,45.46677891428787,One year,10.462350822395402,2,Yes
466,70.43624838189643,One year,15.317258400759137,0,No
467,57.402156663958756,One year,16.177854935785053,7,Yes
468,105.52702100327872,One year,7.7465602483283265,10,No
469,51.39676434140749,Month-to-month,0.5511897614119139,2,No
470,75.21505117403353,One year,9.052663692220332,9,Yes
471,114.83252397281373,One year,9.009071942901173,10,No
472,87.05979279701947,Two year,9.888586061274765,10,No
473,108.05604649162183,One year,23.177411356163013,0,No
474,114.61887204192907,Month-to-month,23.282327414860905,1,Yes
475,97.56883756977167,Month-to-month,3.5691391885412846,8,No
476,92.96175542022763,Two year,21.922382639100533,1,Yes
477,117.11690099438043,Month-to-month,23.483031447788964,10,No
478,119.49607106829114,One year,6.1595401611822655,1,Yes
479,70.66395144027837,One year,17.78457360469139,5,No
480,36.37828003657875,Month-to-month,4.2109163972859855,9,No
481,56.35146282964669,Month-to-month,11.327175330331507,6,Yes
482,43.71192351189574,One year,14.572910351013416,6,No
483,67.57377373164107,Two year,4.310123525089495,8,Yes
484,41.81603956259304,One year,13.132418244516238,1,No
485,84.37060236187938,Two year,17.731951089430126,5,No
486,64.45272532420687,Two year,16.018026247258927,9,No
487,110.5847295859389,Month-to-month,15.137915865410577,5,No
488,117.10152046186516,Two year,2.890373812842226,6,No
489,79.219641150248,One year,22.953348337727235,9,No
490,54.73412128808369,One year,3.382008984172436,0,No
491,83.3007376885653,Month-to-month,14.693712212238362,3,No
492,110.70850424019689,Two year,3.1087536256326285,10,No
493,66.60600112521735,One year,12.952880141872463,7,No
494,79.68704490227738,Two year,20.818407120762238,2,No
495,54.44874908455313,One year,15.126850356849586,9,Yes
496,70.98997345050242,One year,21.806080470733,0,No
497,66.15421818416388,One year,15.80506240527155,9,No
498,52.35721185746739,One year,10.929592783506187,10,No
499,75.52797454427775,Month-to-month,11.20469442478477,9,No
500,57.93427433818303,Month-to-month,5.079300269303231,9,No
501,63.573137749267275,Two year,22.892664674383173,7,Yes
502,77.24733980288379,Two year,7.4622238701353325,10,No
503,97.55355206360888,Month-to-month,9.598701112505836,7,No
504,60.015671921214775,One year,0.7149490444115338,6,Yes
505,113.17428899586872,Two year,9.312146657618818,10,No
506,107.60866921523122,Two year,2.8009381661791197,7,Yes
507,34.38212663779757,Month-to-month,4.5942129697659295,0,No
508,52.82782718311405,Two year,18.94891933325937,6,No
509,70.15219613932817,Month-to-month,11.332561546308543,0,No
510,39.41650998682267,One year,20.105737916692313,2,No
511,61.362839013014735,Two year,7.74837373227793,6,No
512,96.60877730559143,One year,9.196706408393489,8,Yes
513,91.24630330285433,One year,19.97123014240374,8,No
514,86.01459857094044,Month-to-month,1.623156783020554,6,No
515,93.9475562450111,One year,19.690138847692246,3,No
516,48.44313182637316,Month-to-month,4.929358982924533,2,No
517,60.75283033782589,Month-to-month,15.718329171606044,3,No
518,90.86182340497166,Two year,12.788867895887496,1,No
519,109.13112867281944,One year,18.94285174259094,10,No
520,78.93102484452857,Month-to-month,18.39594896472783,4,No
521,55.4429685850983,Two year,13.809696213651058,0,No
522,32.72117322053843,Month-to-month,13.93654316776711,8,No
523,93.93031460767921,One year,17.62466465913687,2,No
524,30.709569315759634,One year,14.653517890652935,6,No
525,63.5411162838896,Two year,13.415799269526236,7,No
526,77.74834931065035,Two year,11.944688474816271,10,Yes
527,112.99003155904738,Two year,22.98023533436153,7,No
528,38.05450905296101,Two year,5.309758712223229,8,No
529,66.53480897714553,Two year,10.490261896067988,0,Yes
530,32.1881879739142,One year,10.050897469705493,2,No
531,60.83498859074313,Two year,14.07735372803017,1,No
532,86.00079529558154,Two year,16.410790256061997,6,No
533,55.116115340573856,Two year,5.346506511226044,3,No
534,48.87749546900716,Two year,13.484582805861248,10,No
535,40.41329099943843,One year,22.08933109944303,6,No
536,81.94262196183075,One year,5.624330238266611,7,No
537,92.57430053142174,Month-to-month,2.659295306857012,9,Yes
538,90.47614265362401,Two year,6.70157794957922,4,No
539,115.39749186484566,Two year,13.265777669808934,0,No
540,30.24328925041524,One year,10.859555594420442,8,Yes
541,88.24769885046325,One year,10.56925739760613,2,Yes
542,84.03530133878756,One year,15.700765552029441,10,No
543,82.98656489732593,Two year,21.995649569915763,3,Yes
544,116.64932878562182,Month-to-month,4.460703664187773,2,Yes
545,31.518450603303574,Month-to-month,8.365767219821013,8,Yes
546,92.6834187631305,One year,9.243960328342862,0,No
547,103.23107847316771,One year,3.680888330376032,6,No
548,75.88264769594258,One year,21.372114113225486,6,No
549,60.05683826371282,One year,22.378642006587235,9,No
550,101.17561469046645,Month-to-month,23.98099200451306,5,No
551,38.75186330691822,Month-to-month,5.692993516364487,9,Yes
552,69.78320739569327,One year,1.7220456594158797,7,No
553,76.79571371137544,Month-to-month,3.560965758189001,3,No
554,92.45607698410927,One year,19.70077559205008,6,Yes
555,38.17971588291685,Month-to-month,22.312276327213567,8,No
556,50.49835513840749,Two year,8.541553839759612,5,No
557,66.92714064211131,Two year,23.099908103369753,2,No
558,86.09652057181177,Month-to-month,19.12683822933674,8,Yes
559,109.82647030956757,One year,8.483825229950734,9,Yes
560,85.69435514172389,Month-to-month,20.422869965323965,1,No
561,42.0115323841441,One year,15.384136796375966,10,No
562,118.25221195085541,One year,10.715605987156733,4,Yes
563,108.46071612799436,One year,10.846213997392917,0,No
564,75.24486850307916,One year,23.090874423309742,9,Yes
565,113.01131836169696,Month-to-month,7.032548075203822,4,Yes
566,78.72427143814221,Month-to-month,16.072675963059005,7,No
567,113.09754611002468,Two year,19.301044458211457,0,No
568,104.69076317430088,One year,9.249202857178538,9,No
569,117.14577692648676,Two year,11.142960313562753,1,No
570,112.78045297003425,Month-to-month,15.41451287178431,4,Yes
571,33.24304356857125,Month-to-month,14.10674942952393,0,No
572,45.729480374484595,One year,17.597420925412692,0,No
573,65.02212093910671,Month-to-month,20.535516514433894,9,No
574,115.69284275658786,One year,13.001839635947082,0,No
575,57.00260275283367,Two year,23.026070221673038,3,Yes
576,44.4420879498841,One year,6.747254169167067,8,No
577,109.76741994779039,Month-to-month,1.6021631676418213,6,No
578,70.17549739348826,Month-to-month,9.224489574967087,2,Yes
579,111.70880349188934,Month-to-month,23.138230627713984,0,No
580,44.42074196881289,Two year,18.334400748462844,9,No
581,89.50057603572895,One year,4.725407757068836,6,Yes
582,69.62373775465426,Two year,23.512935289273344,5,No
583,36.88380921272569,Month-to-month,16.858016166071167,6,No
584,92.68168301872505,One year,19.18166222567725,9,No
585,52.26588799852384,Two year,1.2928585005023479,1,No
586,33.565397032156596,One year,17.343777967620937,4,No
587,35.39498684246159,Month-to-month,11.607031338768103,4,No
588,35.49706833601086,Two year,19.07823162380107,2,No
589,111.69596617365355,One year,17.185385095431585,9,Yes
590,96.58955260461909,One year,4.234050273926387,10,No
591,110.82561214923615,Month-to-month,22.049281163033903,2,No
592,90.53240801668693,Month-to-month,13.86495510844047,4,No
593,77.60459361277948,Month-to-month,9.257426651051336,9,Yes
594,57.40017279126404,Two year,5.464953532161497,10,No
595,119.8166026195806,Two year,18.804940685334177,3,No
596,62.59701530454504,One year,23.29685737866179,3,Yes
597,72.35840542925186,One year,17.652488967297593,6,No
598,64.04206574311155,Two year,14.63672676457183,10,Yes
599,118.15742364019127,One year,22.80806903670042,0,Yes
600,45.719254685550524,Two year,17.077718403573087,8,No
601,59.518920081727174,One year,10.955343548181974,9,No
602,91.23137994135014,Two year,7.7196921946511345,5,No
603,35.68868565047676,One year,4.528928789800357,10,No
604,84.65244366103869,One year,20.96833800571854,5,No
605,72.98818525887745,Two year,17.349341268196927,2,No
606,55.5599979085891,Month-to-month,23.47389392586513,0,No
607,51.45719528316522,Two year,1.804881137888934,4,No
608,76.30614689688811,Two year,7.5533773992789435,0,No
609,63.11348224833372,Month-to-month,9.75510100903476,5,No
610,71.08679021363898,One year,23.101016438203814,2,No
611,60.37296435878159,Month-to-month,14.178878012122412,3,No
612,117.34443242363798,Month-to-month,16.32201081717649,2,No
613,42.00954885710436,Month-to-month,6.500696848213712,9,Yes
614,38.71235578605368,One year,6.179719356614306,8,Yes
615,60.905255591182446,Two year,8.226521190433328,9,No
616,83.19242107834421,Month-to-month,2.0159267346757757,0,Yes
617,89.32588246650255,One year,22.54837423443232,6,No
618,65.75310724512379,One year,9.723865417541015,0,No
619,119.9350194529954,Two year,4.812038817627435,9,Yes
620,61.67036965737383,Two year,8.251536848961099,1,Yes
621,94.92660011639572,Month-to-month,4.698936904496371,3,No
622,87.38244250777136,One year,6.140142680065787,5,No
623,103.17484769227146,Two year,18.182303206159023,1,No
624,117.8603097108438,Month-to-month,5.712529085540134,2,No
625,110.08142908009862,One year,16.772242351814775,0,No
626,98.81057769219377,One year,14.24077246739268,5,Yes
627,92.84236300364614,Two year,3.4819894586013103,6,No
628,60.194835270830964,One year,18.329006715546587,9,No
629,43.29170203860366,One year,20.468939871226752,1,No
630,35.63724027538288,Two year,22.94369899407176,2,Yes
631,51.77115337813363,One year,23.015984386144005,6,No
632,68.90533330631688,One year,16.952899139749483,6,No
633,76.97966462669842,Month-to-month,6.992268936211349,7,Yes
634,99.57751986493845,One year,0.9098800386749621,0,Yes
635,116.28668307509336,Two year,9.365530057999365,5,Yes
636,40.55884323463299,One year,17.595038600654362,4,No
637,39.63037261744124,Two year,22.575326711853762,7,No
638,83.07252507121956,Two year,2.724968697805278,4,No
639,97.08582665525637,One year,13.013806565512564,6,No
640,106.33353423122864,Two year,11.394569228080051,6,Yes
641,114.22488721951098,Month-to-month,1.0974793039777744,8,No
642,118.50836180345779,Two year,15.616258083066935,6,No
643,65.98215230020733,Month-to-month,20.941912623412644,0,No
644,64.23016651748158,Two year,11.084462559433387,2,No
645,43.30278090275451,One year,12.558377341846159,0,No
646,91.64409948152036,Two year,4.266956857406729,0,Yes
647,89.10857625967535,Two year,2.906843751953505,8,No
648,107.58563362660865,Two year,14.732348241701862,4,Yes
649,38.753219530887655,Month-to-month,17.193842996658038,0,Yes
650,74.79992170428076,Month-to-month,6.900080949164174,1,Yes
651,82.29737367048568,Month-to-month,11.986812156656367,0,Yes
652,51.74013360359265,Month-to-month,22.993425310340363,8,No
653,45.212286551624516,Month-to-month,0.7997650248278081,5,No
654,107.36227527776593,One year,5.659521995283221,2,No
655,35.26814300120029,Two year,2.473278088241358,8,No
656,72.35588135262657,Two year,19.72781838169368,0,No
657,40.425060117079674,One year,23.813842910215243,5,No
658,71.13528851982306,One year,3.833496159216917,10,No
659,118.19660937080783,One year,18.045621673936807,0,No
660,68.13357181099255,One year,6.8970953973123414,8,Yes
661,107.14124257541106,Month-to-month,7.889871626880745,5,Yes
662,40.558400776487446,Two year,22.31635426737385,6,Yes
663,54.41268690856777,One year,17.100555292866645,10,No
664,66.34134666006011,One year,19.489788086097306,10,No
665,65.98309260083977,Two year,10.914274502186672,10,No
666,90.42451308031377,One year,7.854304279444183,9,No
667,61.024631463795686,Month-to-month,3.3193619119001294,4,Yes
668,94.23901815690147,Month-to-month,15.009076314114584,4,No
669,87.52682093028533,Month-to-month,16.31604176775872,2,No
670,65.92450307292958,One year,22.329538298216036,4,No
671,68.85841148888873,Two year,3.0036945151969086,0,Yes
672,85.30749298292886,One year,17.689450707632652,8,No
673,36.30379711301802,Two year,13.116960391674532,1,No
674,104.01660645201213,Month-to-month,10.975922562482694,7,No
675,88.80790450022732,Month-to-month,18.0700411184322,4,No
676,95.37082179760517,Two year,14.574612365595604,1,No
677,78.32307009741514,One year,2.46610664870511,0,No
678,39.94293998925703,One year,10.059753558014904,9,Yes
679,66.45320519672549,One year,23.896084647261286,5,No
680,66.48362245637004,Month-to-month,18.421325378119846,1,No
681,58.89386910388952,One year,18.301929076254428,8,Yes
682,32.695529241427444,Two year,22.132947255375928,1,No
683,96.35288183368296,One year,17.50525123725823,6,No
684,39.880601225625064,One year,20.351632561429,0,Yes
685,84.56773197405766,Two year,9.626001937707265,0,No
686,93.28957468204942,Two year,9.603471814888792,2,No
687,87.13076906403253,Month-to-month,22.96876381019528,10,Yes
688,116.32280267801775,Month-to-month,18.179847363249724,0,No
689,39.29683395766247,One year,11.311570870201201,7,No
690,108.04504431946792,One year,11.750319128235596,2,No
691,32.627121136402195,Month-to-month,0.39817805900654335,7,Yes
692,78.14251694343756,One year,5.513606135811166,5,Yes
693,66.38192561453329,One year,11.3112525143382,4,No
694,77.17654743543824,Two year,7.051169746862025,0,No
695,62.85898893540088,One year,23.563586063134927,7,Yes
696,47.151022344606126,Two year,2.7725332876099635,9,Yes
697,31.72106077038208,Month-to-month,12.133391927786885,8,Yes
698,76.63348324120568,One year,0.23790237606860032,1,No
699,105.84991764163581,Two year,6.540441294406544,3,No
700,63.589436017031474,Two year,5.386340818973716,2,Yes
701,50.05774362134822,Two year,14.52214380463785,2,Yes
702,37.247880312465966,Two year,21.293254694623254,5,No
703,37.677983080683305,One year,13.594643932631875,7,No
704,49.9256801663495,Month-to-month,15.458461071586713,1,No
705,39.00126548293997,Two year,6.718161170804722,5,No
706,53.85357285280338,Month-to-month,7.412795731122372,3,No
707,35.95345159052592,Two year,11.976125826950414,9,No
708,35.90443804889331,Two year,13.645431923411916,5,Yes
709,107.06485616605038,Two year,13.111894095974357,6,Yes
710,44.59082346379499,Month-to-month,6.24111231768955,3,Yes
711,80.37141652411032,Month-to-month,3.5033613709719615,6,Yes
712,99.61099900041275,Month-to-month,8.840936735333772,7,No
713,71.076860880516,One year,18.818867556065396,5,No
714,43.803199007341114,Month-to-month,14.307192473704507,6,No
715,47.963652790810286,One year,4.364952955164597,10,No
716,68.96857856530627,One year,5.597225759339245,9,No
717,77.54106802606822,Month-to-month,21.700613457412935,9,No
718,61.44962628436814,Two year,9.508508337484397,5,No
719,100.33316402111952,Two year,20.488821481451556,7,No
720,97.59194839707585,One year,23.459306339028455,5,Yes
721,113.44906266358062,Two year,8.588815182013892,3,No
722,32.60572941242645,Two year,0.31002438633539153,10,No
723,110.61221620891831,One year,17.466930014208383,10,Yes
724,65.33119096159359,Month-to-month,11.650515248029457,10,Yes
725,109.05352458419947,One year,21.298123591227853,3,No
726,92.17062985408765,Month-to-month,4.061498169285646,4,No
727,118.86138813665714,Month-to-month,5.837941205102878,0,Yes
728,98.33542065450013,One year,11.319401658436302,1,No
729,62.809016339710794,Two year,3.2586189604394846,3,Yes
730,75.09568555512769,Month-to-month,8.648015961793991,9,No
731,63.875023967491614,One year,0.37352939354255277,3,No
732,62.84206524191143,One year,19.24273033884742,3,No
733,53.48140494429538,One year,2.4168979579725978,8,No
734,74.63732658361226,Month-to-month,14.300590647509049,10,No
735,91.3565950562425,Two year,6.293551512570909,8,No
736,54.96062441747192,Two year,0.7203593101212942,3,No
737,77.19418299694979,One year,2.6326836692477507,8,No
738,40.56422647535015,Month-to-month,16.781164028975233,9,No
739,44.38607581687722,Two year,21.38549554451437,4,Yes
740,34.212571924096984,One year,1.3122659821661768,0,No
741,117.36582984935696,Two year,6.754479461123926,10,No
742,30.3474316359235,Two year,9.562360945774397,6,No
743,46.072197125189064,Month-to-month,23.488382916600557,8,No
744,85.15800778052932,One year,10.624030741639434,6,No
745,37.32326389679748,Two year,19.796661036684547,3,No
746,109.3706852787149,Two year,6.746877025606429,8,No
747,94.76581420580594,Month-to-month,11.236072980659227,2,No
748,116.97509742941041,Month-to-month,19.820679367573934,8,No
749,75.68719925166883,Two year,18.448610152654187,8,Yes
750,57.03633148426385,Month-to-month,5.725584617344028,8,No
751,79.45505155157443,Month-to-month,6.065219706614141,2,Yes
752,113.77368455681759,One year,13.163351643177215,5,No
753,76.86852935176745,One year,22.51236011514435,10,Yes
754,54.048632867608674,Two year,2.8782705114236293,6,Yes
755,108.96589102567077,Two year,18.529487712778426,5,Yes
756,63.47268736612152,Two year,17.702413075493084,8,No
757,30.124501499909922,Month-to-month,20.418615533583516,5,No
758,52.29165202430843,One year,21.340808826096875,8,No
759,58.64101582593561,Two year,21.202210961032918,2,No
760,107.2899721408712,One year,21.62198156647697,0,No
761,71.26528503598004,Month-to-month,23.536916163844815,2,No
762,70.01285590301707,One year,7.978308978651494,10,No
763,60.249203975989865,Month-to-month,22.296271888238955,0,No
764,109.26103107423717,Two year,22.741447475542078,2,Yes
765,115.05240992463523,Month-to-month,15.556374684707585,9,Yes
766,119.27012962391665,Month-to-month,15.950177857710782,0,No
767,63.90671402648881,Month-to-month,8.605405311507676,8,Yes
768,116.95327010644542,Month-to-month,17.887294218178617,9,No
769,101.26916126678113,Two year,14.461462692845592,0,No
770,90.812023287984,One year,18.871655452335663,4,Yes
771,52.04005314780895,Two year,3.6843265381197083,4,No
772,49.48115348497888,Two year,19.55022380368367,3,No
773,44.94430420691211,Month-to-month,17.361158844190633,5,Yes
774,113.04809492028288,Two year,13.102687342750144,2,No
775,56.466899614484944,Month-to-month,6.233196334821832,10,No
776,70.77848209039905,One year,2.344180919455636,4,No
777,74.45620505885012,Month-to-month,11.635999605759977,0,Yes
778,100.03544359052287,One year,3.4709174177889253,5,No
779,105.98114653977217,Two year,18.282556012032458,9,No
780,42.516543103375156,Month-to-month,22.189414396207916,5,No
781,68.42139241899663,One year,19.687711284595434,7,No
782,105.85693990519114,Two year,7.931013827274322,7,No
783,103.62299751802546,One year,3.5041043672757954,1,No
784,39.21723826071748,Month-to-month,0.1899180789503525,2,Yes
785,44.074501398116674,One year,15.927795164084655,8,No
786,57.3778822439467,One year,4.502689901059241,7,Yes
787,36.78231621750063,One year,17.19730377995547,8,Yes
788,68.21967025565337,Two year,13.810387547993038,1,No
789,39.68559346346237,One year,11.28041959071106,3,No
790,81.13958343028605,One year,18.420941798863623,2,Yes
791,52.19012458300405,One year,23.545589350568665,8,No
792,83.67897588146604,One year,3.0862594783433197,7,No
793,40.57730786132739,Month-to-month,13.212448513753683,1,No
794,117.829548157668,Month-to-month,7.517349247565483,10,No
795,113.93050834716064,Two year,0.6709291255066532,9,No
796,65.26172447081993,One year,0.7043104060679424,6,No
797,51.79607347134769,Two year,13.862928110154737,10,Yes
798,52.53583915682155,One year,1.9899706368878682,0,No
799,73.50541816821529,Month-to-month,1.0542782947760383,8,No
800,33.599352171064524,One year,4.149084809489378,4,No
801,87.57345954676143,Two year,11.036752323933865,6,No
802,66.74726175057702,One year,12.018423827505673,6,No
803,63.96659153299986,Month-to-month,21.96639647374899,1,Yes
804,102.84284743402786,Two year,10.072060422340002,10,No
805,93.8131914164961,One year,2.586691538116411,10,No
806,115.89004338534228,Month-to-month,5.54198218739199,10,No
807,61.674261644612166,One year,22.6898084695004,3,No
808,110.77884881844649,Month-to-month,14.283648916489106,0,No
809,99.297046762508,Two year,8.52822278767231,7,No
810,62.16821864352417,Two year,21.425076430072348,1,No
811,85.9498892807932,One year,7.213780947316407,7,No
812,55.9712961886526,Month-to-month,21.146272802488895,1,No
813,108.69599253673582,Two year,2.907209583061368,5,Yes
814,40.11845854910801,One year,22.517504573507118,5,No
815,49.119092516463695,One year,22.50447257846547,6,No
816,46.4729962871929,One year,8.286476380051221,7,No
817,66.27234021638597,Month-to-month,0.4211702449913579,9,Yes
818,97.07096640289163,One year,8.472994421405378,7,No
819,77.42167041469622,Month-to-month,4.339464365632693,8,Yes
820,73.89086911843867,One year,6.385610434649603,9,No
821,30.04913684072961,Month-to-month,15.016389054459427,4,Yes
822,68.28615528195493,One year,10.634356455478095,5,Yes
823,35.71983973525426,One year,17.671504610864837,8,No
824,48.74279269093354,Month-to-month,15.288888923250322,6,No
825,113.91545450644449,Two year,7.213372932716592,8,Yes
826,49.385838390891436,Two year,7.77303692476948,5,Yes
827,107.25038747708362,Two year,19.155513759634673,8,Yes
828,102.26040344052008,Month-to-month,12.771913157336492,8,No
829,44.32316132480186,Two year,3.057134227186337,4,No
830,84.5140761543251,One year,14.081354808767312,5,No
831,40.409568471451195,Month-to-month,3.3114945297869838,2,No
832,95.50993425325603,Two year,20.84899596268757,1,Yes
833,87.3716049634986,One year,3.102484678353094,10,No
834,103.07447055219174,One year,16.065794877392925,1,Yes
835,73.14460944502693,Month-to-month,21.523448919941032,7,No
836,112.33767790500445,Two year,2.3549646108220923,9,No
837,34.44140521095957,One year,12.725572317962424,7,No
838,56.35997085243132,Two year,22.99418096844394,0,No
839,94.35473377186503,One year,6.670626691487001,6,Yes
840,67.62982905732008,One year,6.745630558744762,3,Yes
841,45.565621884404074,Month-to-month,11.281257603916524,2,No
842,39.648967088569144,Two year,22.7448790494067,10,No
843,103.56052003154593,One year,19.22432861180272,1,No
844,72.58286806190799,Two year,6.508455180222874,1,Yes
845,109.40553047271966,Two year,5.558048552379264,0,No
846,95.99602208850534,Two year,4.766802002026739,7,No
847,66.87535850676693,Month-to-month,10.313411990828536,9,Yes
848,63.61599127401153,One year,19.389736274518125,7,No
849,76.40745119861265,Two year,3.655252943247226,9,No
850,110.01539578707558,Month-to-month,14.809432302332317,0,No
851,96.35507217427511,Two year,11.334969270949411,3,Yes
852,30.46376678421209,Month-to-month,15.511699437293466,9,Yes
853,92.4742066232213,Two year,9.683644756256786,6,Yes
854,112.75566662152386,Two year,18.235733068514122,4,No
855,93.94101835540424,Two year,7.704180656684376,8,No
856,45.93052034107463,Month-to-month,17.332017439102263,1,No
857,73.51663146847127,Month-to-month,23.03180112810584,10,No
858,42.628441613107746,One year,13.901802033293485,4,No
859,62.309575050566885,One year,15.229456029007565,5,Yes
860,114.34053377464659,Month-to-month,12.595228794205909,4,Yes
861,113.09747768028375,One year,11.662809047401748,10,No
862,55.45531669584746,Month-to-month,4.0451236685632255,2,No
863,60.566793974957925,Month-to-month,16.50117498152261,10,Yes
864,84.01915813181645,Month-to-month,14.548124731499685,10,No
865,116.6877565734342,One year,13.269258251563919,6,No
866,43.302120065885134,Two year,7.3542474887241545,3,No
867,53.12249793180022,One year,9.467793793682247,9,No
868,108.62011445616943,Two year,10.396652540291162,2,Yes
869,74.270300853751,One year,15.77964231110914,2,Yes
870,110.90649830043286,Two year,17.421447042205408,3,No
871,46.696610777085866,Two year,7.5108829706430775,0,No
872,77.94017287242247,Month-to-month,14.753675916878958,0,No
873,59.364266938443514,One year,8.888982448598622,6,No
874,58.488830390322846,Two year,11.645080153272124,4,Yes
875,70.21892675515792,One year,1.9660200042360616,3,No
876,68.97697041911417,Month-to-month,13.888262984692284,0,Yes
877,62.1612191710159,Month-to-month,21.51461086147814,0,No
878,112.34736932840568,Two year,22.88172831608036,8,No
879,95.85697668896034,Month-to-month,8.031243148088302,8,Yes
880,95.47922921983768,One year,4.08302641514607,9,No
881,56.09221046327599,Month-to-month,23.43937430235342,2,No
882,81.99384818851564,Month-to-month,19.120920046709273,4,Yes
883,100.12614899716506,Month-to-month,7.036234852377993,10,Yes
884,101.60313316888917,Month-to-month,0.10776105535215486,4,No
885,61.0077414678881,One year,6.340902341380146,9,No
886,99.3785480911783,One year,22.918686405952418,10,Yes
887,96.23045071269597,Two year,11.382403031786218,8,No
888,42.735583705971024,Month-to-month,7.063536333063653,5,Yes
889,107.93509217098295,Two year,8.21742518056106,8,Yes
890,69.71893231623697,Two year,5.500724039266043,2,No
891,73.77694039997989,One year,13.567305739451657,6,No
892,70.35322610081977,Month-to-month,5.212009539173807,6,No
893,81.10614013297567,Month-to-month,16.70139726514759,0,Yes
894,85.90523226303492,One year,11.346314707264776,10,No
895,74.83616091866492,One year,3.816235377825495,10,No
896,108.0109688933186,One year,23.721752197915695,1,No
897,86.49612805757559,Month-to-month,9.545514314873795,5,Yes
898,66.12851543749679,Two year,9.34655202017286,3,Yes
899,67.502258121784,Two year,10.628482772709171,3,No
900,102.97547536160563,Month-to-month,5.2217063470790634,4,Yes
901,61.337274847186805,Two year,23.107855404666296,10,Yes
902,49.03093162041722,Month-to-month,10.187977323320336,1,No
903,35.34448692052103,Month-to-month,14.067921449453731,2,No
904,108.84241631285167,One year,8.14129964127946,4,No
905,112.6691806071315,Month-to-month,11.533384645369281,8,No
906,40.81081639471284,One year,21.698170123620113,1,No
907,60.10263673465034,One year,4.022724392249435,3,No
908,45.783486256371944,Two year,19.041638088317598,0,No
909,40.43086219432918,One year,11.09127373890562,7,Yes
910,110.98800687000272,Two year,6.166588444099405,8,No
911,35.11895332308199,Month-to-month,16.475274238425303,2,No
912,118.24370971221062,Two year,5.8639818006998095,1,No
913,38.680577462764575,Two year,3.6809867423347473,6,No
914,107.71235842742271,Two year,7.923747550578972,8,No
915,80.98554962902465,Month-to-month,7.029190322702126,2,No
916,63.112573903608606,Month-to-month,17.528874328975807,10,Yes
917,60.81081389626421,One year,18.384113816297543,8,No
918,98.16277289139379,Month-to-month,2.5399637431806346,1,No
919,58.31159655038585,One year,18.429123708295656,7,No
920,89.15870249554277,Month-to-month,6.157641496529798,9,Yes
921,76.55934751644722,Two year,5.437349015372807,10,Yes
922,73.64690806422635,One year,16.938056729892818,4,No
923,111.10459535842455,Month-to-month,20.97005542039851,9,Yes
924,79.91805527582336,Month-to-month,14.573797182848379,4,No
925,104.41754427438255,Month-to-month,22.53913212159503,10,No
926,95.30161806913405,Two year,15.970234343294603,2,No
927,33.470152145309854,One year,20.511491214424296,4,No
928,99.57990472548772,One year,12.494932563551247,7,No
929,49.51832250819366,One year,21.257294916110155,3,Yes
930,111.28346821664144,Month-to-month,2.7635507521241287,4,Yes
931,33.86317715479488,One year,9.273624979826018,7,No
932,59.97648310268869,One year,6.945851247083722,0,Yes
933,38.97596525112786,Month-to-month,3.581660329809857,4,Yes
934,72.80302053763594,Month-to-month,3.585934074861643,4,No
935,103.80201922827766,Month-to-month,10.628743074316331,8,No
936,56.83686236967577,Month-to-month,10.618452803972694,10,Yes
937,43.584140757993744,Two year,21.857081911844777,7,No
938,59.724033212720926,Two year,22.586167014593194,8,Yes
939,103.24921277285723,One year,0.4578383174447067,5,No
940,42.63455620194122,Two year,6.219233396234956,10,Yes
941,50.46262041697516,Month-to-month,0.20270734038686467,6,No
942,36.19667680440365,Two year,21.15390300676167,2,No
943,93.51390395906469,Month-to-month,12.770644751295194,8,No
944,65.57099191827032,Two year,3.867229452831377,8,No
945,57.975597942898446,Month-to-month,19.93135444779376,8,No
946,94.67637513070368,One year,1.7217918301072732,0,No
947,60.23797881062297,One year,20.486995786185147,0,No
948,95.49941458929763,Two year,0.3878115876710906,1,Yes
949,103.36794557828821,Month-to-month,10.917368483178521,0,Yes
950,49.58965591119646,One year,8.495203765587716,5,No
951,117.6436827161385,Month-to-month,15.57596791830833,8,No
952,44.61221531214001,Two year,13.20518441941807,3,No
953,56.17568159910683,Month-to-month,8.491349538714307,0,No
954,46.18157617501875,Month-to-month,23.665407596969345,4,Yes
955,61.0955090720701,Two year,10.3042510923087,2,Yes
956,73.205479903868,One year,11.632703043133365,1,No
957,76.99582821019072,Two year,15.09145101759103,9,No
958,106.82454380666448,Month-to-month,2.3798556464064404,8,No
959,110.050311793428,Two year,21.154091133512196,9,No
960,49.80934747028157,Two year,13.584062878364447,4,No
961,86.06046289671772,Month-to-month,16.21654110319129,10,No
962,40.0346451568844,Two year,22.143351637468243,1,No
963,71.30728741638615,One year,15.416184137425379,6,No
964,59.010018424195636,One year,1.7216283531710186,1,No
965,58.48506709082457,Two year,2.0058848805786367,2,No
966,73.43258175408909,Month-to-month,13.637550391145751,3,No
967,95.68448719763408,Two year,2.7999651969778965,0,Yes
968,36.22643929131505,Two year,1.0292275676115894,4,Yes
969,109.1256003918664,One year,9.207887695910006,5,No
970,96.1332397167505,One year,23.474698119882415,10,No
971,45.88494500001541,Month-to-month,13.193045972934137,3,No
972,114.52448181786333,Month-to-month,21.2354854468306,8,No
973,75.56810016210497,Month-to-month,10.868533911248043,7,No
974,119.98277203052687,Two year,22.335730969377696,8,Yes
975,47.75335268706639,Two year,0.717949072212976,9,No
976,78.14173785448813,Two year,17.2668026648574,10,No
977,56.122323830393555,Two year,22.92858932168734,8,No
978,57.37562016503219,Month-to-month,11.269601570624427,10,No
979,83.19588427505911,Month-to-month,6.09252112841836,2,Yes
980,112.954716018375,Month-to-month,15.63610133607143,5,No
981,102.47374700212575,Two year,9.167377988872076,3,No
982,95.15472586511933,Two year,8.12501448116413,7,Yes
983,80.3256403891532,Month-to-month,8.577308824212848,6,No
984,113.0068653300703,One year,9.880066112208429,3,Yes
985,74.31252660217957,Month-to-month,10.821484780173565,5,Yes
986,108.64489605012463,Two year,4.000912008870559,5,No
987,105.05834794889685,Two year,16.230570204348663,4,Yes
988,49.24518121214279,Month-to-month,20.16475417346949,3,No
989,99.41029166693193,One year,17.623009875189354,2,Yes
990,31.09540412489329,One year,10.07004645614708,1,No
991,59.054658379327876,Two year,3.987272999429667,9,No
992,50.66107002227548,Two year,17.083661099888936,6,No
993,75.61766626385821,Two year,1.2638211189903839,10,No
994,96.3167845512707,Month-to-month,12.04671295756614,0,No
995,38.79087307029517,Two year,22.795104830222797,0,Yes
996,76.34299817430916,Two year,8.435893348560414,6,No
997,114.4570819524947,Two year,17.608175645265092,3,Yes
998,50.578189588465094,One year,22.432957931771323,9,Yes
999,90.94270297002817,One year,2.7880981016621105,8,No
